Date Sample Collected,Bird ID,Site,Date processing started,Experimenter,BPW Incubation,RV incubation,Chromo/XLD Incubation,Positive?,"Salm, E.Coli or Both?",Second Incubation (McConkey or XLD),SalmPositiveQuads,XLD Re-Streak,Slant/cryotube Incubation,Slant/cryotube Location,ViralResults,SalmResults,Notes,Poultry Science?
6/10/25,3011-99786,Lee Rd,28-Aug-25,KM,8/28/25 9:45,NA,8/29/25 13:15,N,NA,NA,NA,,NA,NA,,,Starting new Cornell protocol 28 Aug 2025,N
6/10/25,3011-99790,Lee Rd,28-Aug-25,KM,8/28/25 9:45,NA,8/29/25 13:15,N,NA,NA,NA,,NA,NA,,,,N
6/12/25,3171-38515,Paint Rock,28-Aug-25,KM,8/28/25 9:45,NA,8/29/25 13:15,N,NA,NA,NA,,NA,NA,,,,N
8/7/25,3010-60030,Fisheries 1,28-Aug-25,KM,8/28/25 9:45,NA,8/29/25 13:15,N,NA,NA,NA,,NA,NA,,,,N
6/12/25,1352-66742,Paint Rock,28-Aug-25,KM,8/28/25 9:45,NA,8/29/25 13:15,Y,Both,9/2/25 10:25,"1,2,3",,e. coli: 2 Sept 2025 10:25; salm: 4 Sept 2025 9:15,e.coli: fridge box; salm: fridge box,,,,N
6/10/25,3011-99757,Lee Rd 78,28-Aug-25,KM,8/28/25 9:45,NA,8/29/25 13:15,Y,E.Coli,NA,NA,,9/2/25 10:25,e.coli: fridge box,,,Not sure if colonies grew?,N
6/10/25,3011-99791,Lee Rd 78,8-Sep-25,"KM, GS, LW",9/8/25 9:25,NA,                  9 Sept 2025 18:00,N,NA,NA,NA,,NA,NA,,,,N
5/28/25,3171-38514,Ogletree,8-Sep-25,"KM, GS, LW",9/8/25 9:25,NA,                  9 Sept 2025 18:00,N,NA,NA,NA,,NA,NA,,,,N
2/26/25,3011-99764,Marler,8-Sep-25,"KM, GS, LW,AF",9/8/25 9:25,NA,                  9 Sept 2025 18:00,Y,Salm,11 Sept 2025  12:15pm,ALL,,9/12/25 13:08,,,,,N
5/14/25,3011-99782,Practicum,8-Sep-25,"KM, GS, LW",9/8/25 9:25,NA,                  9 Sept 2025 18:00,N,NA,NA,NA,,NA,NA,,,,N
5/28/25,3010-60003,Ogletree,8-Sep-25,"KM, GS, LW",9/8/25 9:25,NA,                  9 Sept 2025 18:00,N,NA,NA,NA,,NA,NA,,,,N
5/14/25,3011-99784,Practicum,12-Sep-25,AF,9/11/25 12:47,NA,9/12/25 13:08,Y,E.Coli,NA,NA,,9/14/25 13:08,e.coli: fridge box,,,,N
6/10/25,3011-99789,Lee Rd 78,11-Sep-25,AF,9/11/25 12:47,NA,9/12/25 13:08,Y,Salm,14 Sept 2025 1:30pm,"1,2",,,,,,,N
6/10/25,3011-99788,Lee Rd 78,12-Sep-25,AF,9/11/25 12:47,NA,9/12/25 13:08,Y,E.Coli,NA,NA,,9/14/25 13:08,,,,,N
5/14/25,3010-60021,Practicum,12-Sep-25,AF,9/11/25 12:47,NA,9/12/25 13:08,N,NA,NA,NA,,NA,,,,,N
5/28/25,1352-66739,Ogletree,12-Sep-25,AF,9/11/25 12:47,NA,9/12/25 13:08,N,NA,NA,NA,,NA,,,,,N
9/19/25,3171-38501,204 Lee Rd,30-Sep-25,KM,9/30/25 8:55,NA,10/1/25 14:40,N,NA,NA,NA,,NA,,,,"Need to redo - Incubator = 35C. Checked 2 Oct, very little growth, left for another day. 3 Oct, still very little growth.",N
8/28/25,3011-99777,Evergreen,30-Sep-25,KM,9/30/25 8:55,NA,10/1/25 14:40,N,NA,NA,NA,,NA,,,,"Need to redo - Incubator = 35C. Checked 2 Oct, very little growth, left for another day. 3 Oct, still very little growth.",N
8/28/25,3011-99776,Evergreen,30-Sep-25,KM,9/30/25 8:55,NA,10/1/25 14:40,N,NA,NA,NA,,NA,,,,"Need to redo - Incubator = 35C. Checked 2 Oct, very little growth, left for another day. 3 Oct, still very little growth.",N
9/19/25,3231-05203,204 Lee Rd,30-Sep-25,KM,9/30/25 8:55,NA,10/1/25 14:40,N,NA,NA,NA,,NA,,,,"Need to redo - Incubator = 35C. Checked 2 Oct, very little growth, left for another day. 3 Oct, still very little growth.",N
8/28/25,3010-60031,Evergreen,30-Sep-25,KM,9/30/25 8:55,NA,10/1/25 14:40,N,NA,NA,NA,,NA,,,,"Need to redo - Incubator = 35C. Checked 2 Oct, very little growth, left for another day. 3 Oct, still very little growth.",N
8/28/25,3011-99775,Evergreen,30-Sep-25,KM,9/30/25 8:55,NA,10/1/25 14:40,N,NA,NA,NA,,NA,,,,"Need to redo - Incubator = 35C. Checked 2 Oct, very little growth, left for another day. 3 Oct, still very little growth.",N
8/28/25,3011-99778,Evergreen,30-Sep-25,KM,9/30/25 8:55,NA,10/1/25 14:40,Y,E.Coli,NA,NA,,10/6/25 9:30,,,,"Need to redo - Incubator = 35C. Checked 2 Oct, very little growth, left for another day. 3 Oct, still very little growth.",N
9/19/25,3171-38502,204 Lee Rd,30-Sep-25,KM,9/30/25 8:55,NA,10/1/25 14:40,N,NA,NA,NA,,NA,,,,"Need to redo - Incubator = 35C. Checked 2 Oct, very little growth, left for another day. 3 Oct, still very little growth.",N
10/3/25,3171-38503,Fisheries 2,4-Oct-25,KM,10/4/25 14:50,NA,10/6/25 9:30,Y,Both,7-Oct-25,ALL,,E. Coli = 7 Oct 2025 11:45; Salm. = 8 Oct 2025 13:47,e.coli: fridge box; salm: fridge box,,,Paper data sheet,N
10/3/25,3231-05204,Fisheries 2,4-Oct-25,KM,10/4/25 14:50,NA,10/6/25 9:30,N,NA,,,,,,,,Paper data sheet,N
7/7/25,3011-99773,Ogletree,4-Oct-25,KM,10/4/25 14:50,NA,10/6/25 9:30,N,NA,,,,,,,,Paper data sheet,N
6/12/25,3011-99793,Paint Rock,4-Oct-25,KM,10/4/25 14:50,NA,10/6/25 9:30,Y,E.Coli,,,,,,,,Paper data sheet,N
7/10/25,3011-99772,Ogletree,4-Oct-25,KM,10/4/25 14:50,NA,10/6/25 9:30,N,NA,,,,,,,,Paper data sheet,N
7/8/25,3011-99770,Fisheries 1,14-Oct-25,GS,10/14/25 13:05,NA,10/15/25 14:45,N,NA,NA,NA,,NA,,,,,N
10/9/25,3241-88102,WW,14-Oct-25,APG,10/14/26 14:25,NA,10/15/25 17:30,N,NA,NA,NA,,NA,,,,,N
10/9/25,3171-38526,WW,14-Oct-25,APG,10/14/26 14:25,NA,10/15/25 17:30,Y,E.Coli,NA,NA,,17-Oct-25,e.coli: fridge box,,,,N
10/9/25,3241-88103,WW,14-Oct-25,APG,10/14/26 14:25,NA,10/15/25 17:30,Y,E.Coli,NA,NA,,17-Oct-25,e.coli: fridge box,,,,N
6/25/25,3011-99799,Shadowwood,14-Oct-25,GS,14-Oct-25,NA,10/15/25 14:45,Y,E.Coli,NA,NA,,17-Oct-25,e.coli: fridge box,,,,N
7/8/25,3011-99800,Fisheries 1,14-Oct-25,GS,14-Oct-25,NA,10/15/25 14:45,Y,Salm,REDO,REDO,,REDO,REDO,,,REDO - Sample was in progress when incubator went down and so was not finished,N
7/10/25,3010-60028,Olgetree,14-Oct-25,AS,14-Oct-25,NA,10/15/25 14:45,N,NA,NA,NA,,NA,,,,,N
6/12/25,3171-38518,Paint Rock,14-Oct-25,AS,14-Oct-25,NA,10/15/25 14:45,Y,E.Coli,NA,NA,,17-Oct-25,,,,,N
6/13/25,3171-38520,Paint Rock,19-Oct-25,AG,10/19/25 11:44,NA,10/20/25 12:30,Y,Both,10/21/25 17:35,ALL,,10/22/25 21:10,"E. coli: fridge box, Salm: Incubator",,,very small colonies,N
6/13/25,1352-66743,Paint Rock,19-Oct-25,AG,10/19/25 11:44,NA,10/20/25 12:30,Y,Both,10/21/25 17:35,ALL,,10/22/25 21:10,"E. coli: fridge box, salm:incubator ",,,small/no colonies,N
6/18/25,3011-99798,Kreher,19-Oct-25,AG,10/19/25 11:44,NA,10/20/25 12:30,N,NA,NA,NA,,NA,NA,,,no growth,N
6/12/25,3171-38516,Paint Rock,19-Oct-25,AG,10/19/25 11:44,NA,10/20/25 12:30,Y,Both,10/21/25 17:35,ALL,,10/22/25 21:10,"E. coli: fridge box, salm:incubator ",,,,N
6/18/25,3010-60025,Kreher,19-Oct-25,AG,10/19/25 11:44,NA,10/20/25 12:30,N,NA,NA,NA,,NA,NA,,,no growth,N
7/8/25,3011-99771,Fisheries 1,20-Oct-25,GS,10/20/25 12:15,NA,10/21/25 19:00,N,NA,NA,NA,,NA,NA,,,no growth,N
7/10/25,1352-66747,Ogletree,20-Oct-25,GS,10/20/25 12:15,NA,10/21/25 19:00,Y,Both,10/22/26 21:10,,,,E.coli: incubator,,,hard to find separate colonies,N
6/13/25,1352-66744,Paint Rock,20-Oct-25,GS,10/20/25 12:15,NA,10/21/25 19:00,Y,Both,10/22/26 21:10,,,,E. coli: Incubator,,,,N
7/10/25,3011-99774,Ogletree,20-Oct-25,GS,10/20/25 12:15,NA,10/21/25 19:00,Y,E.Coli,NA,,,10/22/25 21:10,E. coli: Incubator,,,,N
6/12/25,3171-38517,Paint Rock,20-Oct-25,GS,10/20/25 12:15,NA,10/21/25 19:00,Y,Both,10/22/26 21:10,,,,E. coli: Incubator,,,small colonies,N
3/2/26,3241-88110,Shadowwood,2-Mar-26,AF,3/2/26 13:15,3/3/26 15:05,3/5/26 15:10,Y,,3/6/26 16:20,,,cryotube - 7 March 2026 17:30,,,,,Y
2/12/26,3171-38507,1011 Lee Rd (Bailey),2-Mar-26,AF,3/2/26 13:15,3/3/26 15:05,3/5/26 15:10,N,,,,, slant- 3/6/2026 16:30:00,,,,Subbing growth onto slant for SVDL,Y
2/9/26,3010-60037,1011 Lee Rd (Bailey),2-Mar-26,AF,3/2/26 13:15,3/3/26 15:05,3/5/26 15:10,N,,,,,,,,,,Y
2/12/26,3010-60018,1011 Lee Rd (Bailey),2-Mar-26,AF,3/2/26 13:15,3/3/26 15:05,3/5/26 15:10,N,,,,,,,,,,Y
3/2/26,3010-60056,Shadowwood,2-Mar-26,AF,3/2/26 13:15,3/3/26 15:05,3/5/26 15:10,N,,,,,,,,,,Y
10/2/25,3011-99721,Shadowwood,2-Mar-26,AF,3/2/26 13:15,3/3/26 15:05,3/5/26 15:10,Y,,3/6/26 16:20,,,cryotube - 7 March 2026 17:30,,,,,Y
12/3/25,1352-66727,?,2-Mar-26,AF,3/2/26 13:15,3/3/26 15:05,3/5/26 15:10,N,,,,,,,,,Site missing from BPW and data sheet?,Y
11/30/25,3010-60016,343 Lee Rd 2184,2-Mar-26,AF,3/2/26 13:15,3/3/26 15:05,3/5/26 15:10,N,,,,,,,,,USGS # not on data sheet,Y
12/3/25,3010-60017,?,2-Mar-26,AF,3/2/26 13:15,3/3/26 15:05,3/5/26 15:10,N,,,,,slant- 3/6/2026 16:30:00,,,,Site missing from BPW and data sheet? Subbing growth onto slant for SVDL,Y
9/25/25,3011-99779,1011 Lee Rd 78,2-Mar-26,AF,3/2/26 13:15,3/3/26 15:05,3/5/26 15:10,N,,,,,slant- 3/6/2026 16:30:00,,,,Subbing growth onto slant for SVDL,Y
2/5/26,3171-38506,Fisheries 2,5-Mar-26,LW,3/5/26 14:20,3/6/26 15:10,3/7/26 17:00,N,,,,,slant - 3/9/2026 1500,,,,Subbing growth onto slant for SVDL,Y
3/5/26,2890-93050,Kreher,5-Mar-26,LW,3/5/26 14:20,3/6/26 15:10,3/7/26 17:00,N,,,,,,-80 Ani's lab,,,,Y
10/30/25,3241-88104,339 Lee Rd 2182,5-Mar-26,LW,3/5/26 14:20,3/6/26 15:10,3/7/26 17:00,N,,,,,,-80 Ani's lab,,,,Y
3/5/26,3010-60041,Kreher,5-Mar-26,LW,3/5/26 14:20,3/6/26 15:10,3/7/26 17:00,N,,,,,slant - 3/9/2026 1500,Fridge Ani's lab,,,Subbing growth onto slant for SVDL,Y
3/5/26,3010-60043,Kreher,5-Mar-26,LW,3/5/26 14:20,3/6/26 15:10,3/7/26 17:00,N,,,,,,-80 Ani's lab,,,,Y
3/5/26,3010-60042,Kreher,5-Mar-26,LW,3/5/26 14:20,3/6/26 15:10,3/7/26 17:00,N,,,,,,-80 Ani's lab,,,,Y
11/5/25,3010-60014,WW,5-Mar-26,LW,3/5/26 14:20,3/6/26 15:10,3/7/26 17:00,N,,,,,slant - 3/9/2026 1500,Fridge Ani's lab,,,Subbing growth onto slant for SVDL,Y
3/5/26,3171-38508,Kreher,5-Mar-26,LW,3/5/26 14:20,3/6/26 15:10,3/7/26 17:00,N,,,,,,-80 Ani's lab,,,,Y
2/9/26,3241-88107,343 LEE RD 2184,18-Mar-26,AF,3/18/26 12:00,3/19/26 15:30,3/20/26 17:45,N,,,,,slant - 3/23/2026 1630,Fridge Ani's lab,,,Subbing growth onto slant for SVDL,Y
2/9/26,3010-60036,343 LEE RD 2184,18-Mar-26,AF,3/18/26 12:00,3/19/26 15:30,3/20/26 17:45,N,,,,,slant - 3/23/2026 1630,Fridge Ani's lab,,,Subbing growth onto slant for SVDL,Y
2/9/26,3010-60037,343 LEE RD 2184,18-Mar-26,AF,3/18/26 12:00,3/19/26 15:30,3/20/26 17:45,N,,,,,slant - 3/23/2026 1630,Fridge Ani's lab,,,Subbing growth onto slant for SVDL,Y
3/13/26,3231-05205,Glenn?,18-Mar-26,AF,3/18/26 12:00,3/19/26 15:30,3/20/26 17:45,N,,,,,slant - 3/23/2026 1630,Fridge Ani's lab,,,Subbing growth onto slant for SVDL,Y
3/13/26,3231-05206,Glenn?,18-Mar-26,AF,3/18/26 12:00,3/19/26 15:30,3/20/26 17:45,N,,,,,slant - 3/23/2026 1630,Fridge Ani's lab,,,Subbing growth onto slant for SVDL,Y
3/13/26,3011-99706,Glenn?,18-Mar-26,AF,3/18/26 12:00,3/19/26 15:30,3/20/26 17:45,N,,,,,slant - 3/23/2026 1630,Fridge Ani's lab,,,Subbing growth onto slant for SVDL,Y
3/13/26,3010-60045,Glenn?,18-Mar-26,AF,3/18/26 12:00,3/19/26 15:30,3/20/26 17:45,N,,,,,slant - 3/23/2026 1630,Fridge Ani's lab,,,Subbing growth onto slant for SVDL,Y
3/13/26,3010-60044,Glenn?,18-Mar-26,AF,3/18/26 12:00,3/19/26 15:30,3/20/26 17:45,N,,,,,slant - 3/23/2026 1630,Fridge Ani's lab,,,,Y
3/13/26,3010-60046,Glenn?,18-Mar-26,AF,3/18/26 12:00,3/19/26 15:30,3/20/26 17:45,N,,,,,slant - 3/23/2026 1630,Fridge Ani's lab,,,,Y
10/30/25,3241-88105,339 LEE RD 2182,18-Mar-26,AF,3/18/26 12:00,3/19/26 15:30,3/20/26 17:45,N,,,,,slant - 3/23/2026 1630,Fridge Ani's lab,,,Subbing growth onto slant for SVDL,Y
6/18/25,3011-37902,Kreher,18-Mar-26,AF,3/18/26 12:00,3/19/26 15:30,3/20/26 17:45,N,,,,,slant - 3/23/2026 1630,Fridge Ani's lab,,,,Y
6/13/25,3171-38521,Paint Rock,18-Mar-26,AF,3/18/26 12:00,3/19/26 15:30,3/20/26 17:45,N,,,,,slant - 3/23/2026 1630,Fridge Ani's lab,,,Subbing growth onto slant for SVDL,Y
6/12/25,3011-99792,Paint Rock,18-Mar-26,AF,3/18/26 12:00,3/19/26 15:30,3/20/26 17:45,N,,,,,cryotube- 3/23/2026 1630,-80 Ani's lab,,,Klebsiella sp.,Y
6/12/25,3011-99797,Paint Rock,18-Mar-26,AF,3/18/26 12:00,3/19/26 15:30,3/20/26 17:45,N,,,,,cryotube- 3/23/2026 1630,-80 Ani's lab,,,Serratia sp.,Y
3/30/26,3241-88111,343 Lee Rd 2184,30-Mar-26,AF,3/30/26 13:00,3/31/26 14:30,4/1/26 18:15,N,,,,,slant - 4/03/2026 0900,Fridge Ani's lab,,,Subbing growth onto slant for SVDL,Y
2/10/26,1803-24404,Shadowwood,30-Mar-26,AF,3/30/26 13:00,3/31/26 14:30,4/1/26 18:15,N,,,,,,,,,,Y
5/15/25,3010-60022,Practicum,30-Mar-26,AF,3/30/26 13:00,3/31/26 14:30,4/1/26 18:15,N,,,,,,,,,,Y
5/28/25,1803-24403,Ogletree,30-Mar-26,AF,3/30/26 13:00,3/31/26 14:30,4/1/26 18:15,N,,,,,slant - 4/03/2026 0900,Fridge Ani's lab,,,Subbing growth onto slant for SVDL,Y
3/3/26,3011-99727,Jenkins,30-Mar-26,AF,3/30/26 13:00,3/31/26 14:30,4/1/26 18:15,N,,,,,,,,,,Y
10/2/25,3241-88101,Shadowwood,30-Mar-26,AF,3/30/26 13:00,3/31/26 14:30,4/1/26 18:15,N,,,,,,,,,,Y
3/3/26,3010-60039,Jenkins,30-Mar-26,AF,3/30/26 13:00,3/31/26 14:30,4/1/26 18:15,N,,,,,slant - 4/03/2026 0900,Fridge Ani's lab,,,Subbing growth onto slant for SVDL,Y
3/3/26,3010-60040,Jenkins,30-Mar-26,AF,3/30/26 13:00,3/31/26 14:30,4/1/26 18:15,N,,,,,,,,,,Y
2/9/26,3241-88107,343 Lee Rd 2184,30-Mar-26,AF,3/30/26 13:00,3/31/26 14:30,4/1/26 18:15,N,,,,,slant - 4/03/2026 0900,Fridge Ani's lab,,,Subbing growth onto slant for SVDL,Y
2/9/26,3010-60036,343 Lee Rd 2184,30-Mar-26,AF,3/30/26 13:00,3/31/26 14:30,4/1/26 18:15,N,,,,,slant - 4/03/2026 0900,Fridge Ani's lab,,,Subbing growth onto slant for SVDL,Y
2/9/26,3010-60037,343 Lee Rd 2184,30-Mar-26,AF,3/30/26 13:00,3/31/26 14:30,4/1/26 18:15,N,,,,,slant - 4/03/2026 0900,Fridge Ani's lab,,,Subbing growth onto slant for SVDL,Y
12/9/25,Chicken,1011 Lee Rd,30-Mar-26,AF,3/30/26 13:00,3/31/26 14:30,4/1/26 18:15,Y,,,,,cryotube - 3 April 2026 0900,-80 Ani's lab,,,,Y
12/3/25,Chicken,204 Lee Rd,30-Mar-26,AF,3/30/26 13:00,3/31/26 14:30,4/1/26 18:15,N,,,,,slant - 4/03/2026 0900,Fridge Ani's lab,,,Subbing growth onto slant for SVDL,Y
3/13/26,3231-05206,861 Ogletree,8-Apr-26,AF,4/8/26 11:30,4/10/26 9:40,4/13/26 10:37,N,,,,,slant- 4/14/2026 13:35,,,,Last of BPW sample used ,Y
4/6/26,Chicken,339 Lee Rd 2182,8-Apr-26,AF,4/8/26 11:30,4/10/26 9:40,4/13/26 10:37,N,,,,,slant- 4/14/2026 13:35,,,,,Y
4/6/26,3010-60058,339 Lee Rd 2182,8-Apr-26,AF,4/8/26 11:30,4/10/26 9:40,4/13/26 10:37,N,,,,,,,,,,Y
4/6/26,3241-88104,339 Lee Rd 2182,8-Apr-26,AF,4/8/26 11:30,4/10/26 9:40,4/13/26 10:37,Y,,,,,cryotube- 4/14/2026 13:35,,,,,Y
4/6/26,3010-60057,339 Lee Rd 2182,8-Apr-26,AF,4/8/26 11:30,4/10/26 9:40,4/13/26 10:37,Y,,,,,cryotube- 4/14/2026 13:35,,,,,Y
4/2/26,Chicken,204 Lee Rd,8-Apr-26,AF,4/8/26 11:30,4/10/26 9:40,4/13/26 10:37,N,,,,,slant- 4/14/2026 13:35,,,,,Y
4/2/26,3010-60047,204 Lee Rd,8-Apr-26,AF,4/8/26 11:30,4/10/26 9:40,4/13/26 10:37,N,,,,,,,,,Last of BPW sample used ,Y
4/2/26,3010-60047,204 Lee Rd,8-Apr-26,AF,4/8/26 11:30,4/10/26 9:40,4/13/26 10:37,Y,,,,,cryotube- 4/14/2026 13:35,,,,,Y
4/2/26,3010-60048,204 Lee Rd,8-Apr-26,AF,4/8/26 11:30,4/10/26 9:40,4/13/26 10:37,N,,,,,slant- 4/14/2026 13:35,,,,,Y
4/2/26,3171-38510,204 Lee Rd,8-Apr-26,AF,4/8/26 11:30,4/10/26 9:40,4/13/26 10:37,N,,,,,slant- 4/14/2026 13:35,,,,,Y
6/10/25,3010-60023,Lee Rd 78,21-Apr-26,AF,4/21/26 12:30,4/23/26 15:00,4/27/26 13:30,N,,,,,,,,,,
10/22/25,3171-38504,Shadowwood,21-Apr-26,AF,4/21/26 12:30,4/23/26 15:00,4/27/26 13:30,N,,,,,,,,,,
6/12/25,3011-99794,Paint Rock,21-Apr-26,AF,4/21/26 12:30,4/23/26 15:00,4/27/26 13:30,N,,,,,,,,,,
10/23/25,3010-60032,Fisheries1,21-Apr-26,AF,4/21/26 12:30,4/23/26 15:00,4/27/26 13:30,N,,,,,,,,,,
10/9/25,3171-38525,Weagle,21-Apr-26,AF,4/21/26 12:30,4/23/26 15:00,4/27/26 13:30,N,,,,,,,,,,
4/19/26,3171-38546,Paint Rock,21-Apr-26,AF,4/21/26 12:30,4/23/26 15:00,4/27/26 13:30,N,,,,,,,,,,
4/19/26,3010-60079,Paint Rock,21-Apr-26,AF,4/21/26 12:30,4/23/26 15:00,4/27/26 13:30,N,,,,,,,,,,
4/19/26,3231-05210,Paint Rock,21-Apr-26,AF,4/21/26 12:30,4/23/26 15:00,4/27/26 13:30,N,,,,,,,,,,
4/19/26,1352-66742,Paint Rock,21-Apr-26,AF,4/21/26 12:30,4/23/26 15:00,4/27/26 13:30,N,,,,,,,,,,
4/13/26,3171-38550,Marler ,21-Apr-26,AF,4/21/26 12:30,4/23/26 15:00,4/27/26 13:30,N,,,,,,,,,,
10/2/25,3011-99799,Shadowwood,27-May-26,AF,5/27/26 11:30,5/28/26 11:15,5/29/26 13:30,N,,,,,,,,,,
5/28/25,1352-66738,Ogletree,27-May-26,AF,5/27/26 11:30,5/28/26 11:15,5/29/26 13:30,N,,,,,,,,,,
5/28/25,3011-99785,Ogletree,27-May-26,AF,5/27/26 11:30,5/28/26 11:15,5/29/26 13:30,N,,,,,,,,,,
8/7/25,1352-66749,Fisheries1,27-May-26,AF,5/27/26 11:30,5/28/26 11:15,5/29/26 13:30,N,,,,,,,,,,
10/22/25,3010-60013,Shadowwood,27-May-26,AF,5/27/26 11:30,5/28/26 11:15,5/29/26 13:30,N,,,,,,,,,,
5/21/26,3241-88131,Weagle,27-May-26,AF,5/27/26 11:30,5/28/26 11:15,5/29/26 13:30,N,,,,,,,,,,
5/21/26,3241-88102,Weagle,27-May-26,AF,5/27/26 11:30,5/28/26 11:15,5/29/26 13:30,N,,,,,,,,,,
2/28/25,1352-66720,Marler,27-May-26,AF,5/27/26 11:30,5/28/26 11:15,5/29/26 13:30,N,,,,,,,,,,
5/14/25,3011-99783,Practicum,27-May-26,AF,5/27/26 11:30,5/28/26 11:15,5/29/26 13:30,N,,,,,,,,,,
5/14/25,3231-05215,Practicum,27-May-26,AF,5/27/26 11:30,5/28/26 11:15,5/29/26 13:30,N,,,,,,,,,,
5/5/26,3241-88128,Practicum,3-Jun-26,AF,6/3/26 9:00,6/8/26 9:30,6/11/26 13:00,N,,,,,,,,,,
5/6/26,3241-88129,Practicum,3-Jun-26,AF,6/3/26 9:00,6/8/26 9:30,6/11/26 13:00,N,,,,,,,,,,
5/6/26,3010-60062,Practicum,3-Jun-26,AF,6/3/26 9:00,6/8/26 9:30,6/11/26 13:00,N,,,,,,,,,,
5/6/26,3241-88116,Practicum,3-Jun-26,AF,6/3/26 9:00,6/8/26 9:30,6/11/26 13:00,N,,,,,,,,,,
5/6/26,3241-88130,Practicum,3-Jun-26,AF,6/3/26 9:00,6/8/26 9:30,6/11/26 13:00,N,,,,,,,,,,
5/5/26,1352-66753,Practicum,3-Jun-26,AF,6/3/26 9:00,6/8/26 9:30,6/11/26 13:00,N,,,,,,,,,,
5/6/26,3241-88115,Practicum,3-Jun-26,AF,6/3/26 9:00,6/8/26 9:30,6/11/26 13:00,N,,,,,,,,,,
5/5/26,1352-66752,Practicum,3-Jun-26,AF,6/3/26 9:00,6/8/26 9:30,6/11/26 13:00,N,,,,,,,,,,
5/5/26,1352-66754,Practicum,3-Jun-26,AF,6/3/26 9:00,6/8/26 9:30,6/11/26 13:00,N,,,,,,,,,,
5/6/26,1352-66755,Practicum,3-Jun-26,AF,6/3/26 9:00,6/8/26 9:30,6/11/26 13:00,N,,,,,,,,,,
5/6/26,3231-05235,Practicum,3-Jun-26,AF,6/3/26 9:00,6/8/26 9:30,6/11/26 13:00,N,,,,,,,,,,
4/22/26,1352-66751,Fisheries1,3-Jun-26,AF,6/3/26 9:00,6/8/26 9:30,6/11/26 13:00,Y,,,,6/13/26 10:30,,,,,,
2/16/26,3241-88109,Marler ,3-Jun-26,AF,6/3/26 9:00,6/8/26 9:30,6/11/26 13:00,N,,,,,,,,,,
4/18/26,3010-60072,Paint Rock,6/23/26,GS,6/23/26 13:30,6/26/26 14:00,6/28/26 13:00,N,,,,,,,,,re-incubated/streaked,Y
4/19/26,3011-99792,Paint Rock,6/23/26,GS,6/23/26 13:30,6/26/26 14:00,6/28/26 13:00,N,,,,,,,,,re-incubated/streaked,Y
4/18/26,3010-60071,Paint Rock,6/23/26,GS,6/23/26 13:30,6/26/26 14:00,6/28/26 13:00,N,,,,,,,,,re-incubated/streaked,Y
4/18/26,3171-38548,Paint Rock,6/23/26,GS,6/23/26 13:30,6/26/26 14:00,6/28/26 13:00,N,,,,,,,,,re-incubated/streaked,Y
4/19/26,3010-60067,Paint Rock,6/23/26,GS,6/23/26 13:30,6/26/26 14:00,6/28/26 13:00,N,,,,,,,,,re-incubated/streaked,Y
4/18/26,3011-99797,Paint Rock,6/23/26,GS,6/23/26 13:30,6/26/26 14:00,6/28/26 13:00,N,,,,,,,,,re-incubated/streaked,Y
5/1/26,3010-60064,Evergreen,6/23/26,GS,6/23/26 13:30,6/26/26 14:00,6/28/26 13:00,N,,,,,,,,,re-incubated/streaked,Y
4/18/26,3171-38515,Paint Rock,6/23/26,GS,6/23/26 13:30,6/26/26 14:00,6/28/26 13:00,N,,,,,,,,,re-incubated/streaked,Y
4/18/26,3010-60074,Paint Rock,6/23/26,GS,6/23/26 13:30,6/26/26 14:00,6/28/26 13:00,N,,,,,,,,,re-incubated/streaked,Y
5/1/26,3241-88114,Evergreen,6/23/26,GS,6/23/26 13:30,6/26/26 14:00,6/28/26 13:00,N,,,,,,,,,re-incubated/streaked,Y
4/18/26,3010-60053,Paint Rock,6/23/26,GS,6/23/26 13:30,6/26/26 14:00,6/28/26 13:00,N,,,,,,,,,re-incubated/streaked,Y
6/23/26,3171-38543,Jenkins,6/23/26,GS,6/23/26 13:30,6/26/26 14:00,6/28/26 13:00,N,,,,,,,,,re-incubated/streaked,Y
4/19/26,3241-88112,Paint Rock,6/23/26,GS,6/23/26 13:30,6/26/26 14:00,6/28/26 13:00,N,,,,,,,,,re-incubated/streaked,Y
4/18/26,3010-60069,Paint Rock,6/23/26,GS,6/23/26 13:30,6/26/26 14:00,6/28/26 13:00,N,,,,,,,,,re-incubated/streaked,Y
4/18/26,3010-60073,Paint Rock,6/23/26,GS,6/23/26 13:30,6/26/26 14:00,6/28/26 13:00,N,,,,,,,,,re-incubated/streaked,Y
4/9/26,WTSP,Ralph's,6/25/26,GS,6/25/26 13:20,6/26/26 14:00,6/28/26 13:00,Y,,,,7/1/26 17:00,7/2/26 15:40,Ani's lab fridge ,,,,Y
4/9/26,WTSP,Ralph's,6/25/26,GS,6/25/26 13:20,6/26/26 14:00,6/28/26 13:00,N,,,,,,,,,,Y
4/13/26,1352-66750,Marler,6/25/26,GS,6/25/26 13:20,6/26/26 14:00,6/28/26 13:00,N,,,,,,,,,,Y
4/9/26,3010-60050,Ralph's,6/25/26,GS,6/25/26 13:20,6/26/26 14:00,6/28/26 13:00,N,,,,,,,,,,Y
4/18/26,1352-66728,Paint Rock,6/25/26,GS,6/25/26 13:20,6/26/26 14:00,6/28/26 13:00,N,,,,,,,,,,Y
4/16/26,3231-05208,Jenkins,6/25/26,GS,6/25/26 13:20,6/26/26 14:00,6/28/26 13:00,N,,,,,,,,,,Y
4/9/26,3010-60052,Ralph's,6/25/26,GS,6/25/26 13:20,6/26/26 14:00,6/28/26 13:00,N,,,,,,,,,,Y
4/23/26,3171-38545,Weagle Woods,6/25/26,GS,6/25/26 13:20,6/26/26 14:00,6/28/26 13:00,N,,,,,,,,,,Y
4/16/26,3231-05207,Jenkins,6/25/26,GS,6/25/26 13:20,6/26/26 14:00,6/28/26 13:00,N,,,,,,,,,,Y
4/18/26,3010-60070,Paint Rock,6/25/26,GS,6/25/26 13:20,6/26/26 14:00,6/28/26 13:00,N,,,,,,,,,,Y
6/18/26,3231-05252,1011 Lee Rd,6/25/26,GS,6/25/26 13:20,6/26/26 14:00,6/28/26 13:00,Y,,,,7/1/26 17:00,7/2/26 15:40,Ani's lab fridge ,,,,Y
4/9/26,3010-60051,Ralph's,6/25/26,GS,6/25/26 13:20,6/26/26 14:00,6/28/26 13:00,N,,,,,,,,,,Y
4/18/26,3010-60068,Paint Rock,6/25/26,GS,6/25/26 13:20,6/26/26 14:00,6/28/26 13:00,Y,,,,7/1/26 17:00,7/2/26 15:40,Ani's lab fridge ,,,,Y
4/18/26,3171-38547,Paint Rock,6/25/26,GS,6/25/26 13:20,6/26/26 14:00,6/28/26 13:00,N,,,,,,,,,,Y
6/18/26,3010-60085,1011 Lee Rd,6/25/26,GS,6/25/26 13:20,6/26/26 14:00,6/28/26 13:00,N,,,,,,,,,,Y
4/13/26,Chicken,Marler,7/2/26,GS,6/2/26 15:40,7/4/26 11:40,7/6/26 10:50,N,,,,,,,,,,
2/19/26,Chicken,Marler,7/2/26,GS,6/2/26 15:40,7/4/26 11:40,7/6/26 10:50,N,,,,,,,,,,
3/5/26,Chicken,1011 Lee Rd,7/2/26,GS,6/2/26 15:40,7/4/26 11:40,7/6/26 10:50,N,,,,,,,,,,
6/25/26,3010-60080,Marler,7/2/26,GS,6/2/26 15:40,7/4/26 11:40,7/6/26 10:50,N,,,,,,,,,,
6/25/26,1823-90700,Marler,7/2/26,GS,6/2/26 15:40,7/4/26 11:40,7/6/26 10:50,N,,,,,,,,,,
4/6/26,Chicken,339 Lee Rd,7/2/26,GS,6/2/26 15:40,7/4/26 11:40,7/6/26 10:50,N,,,,,,,,,,
4/9/25,Chicken,Evergreen,7/2/26,GS,6/2/26 15:40,7/4/26 11:40,7/6/26 10:50,N,,,,7/7/26 14:30,,,,,was suspect but not positive salm,
6/25/26,1823-90630,Marler,7/2/26,GS,6/2/26 15:40,7/4/26 11:40,7/6/26 10:50,N,,,,,,,,,,
6/29/26,1352-66731,Shadowwood,7/2/26,GS,6/2/26 15:40,7/4/26 11:40,7/6/26 10:50,Y,,,,7/7/26 14:30,TSI- 08 July 12 pm,,,,,
4/18/26,3010-60054,Paint Rock,7/2/26,GS,6/2/26 15:40,7/4/26 11:40,7/6/26 10:50,N,,,,,,,,,,
4/16/25,Chicken,1011 Lee Rd,7/2/26,GS,6/2/26 15:40,7/4/26 11:40,7/6/26 10:50,N,,,,,,,,,,
6/10/25,Chicken,1011 Lee Rd,7/2/26,GS,6/2/26 15:40,7/4/26 11:40,7/6/26 10:50,N,,,,,,,,,,
2/12/26,Chicken,1011 Lee Rd,7/2/26,GS,6/2/26 15:40,7/4/26 11:40,7/6/26 10:50,N,,,,,,,,,,
6/30/26,3010-60060,Evergreen,7/2/26,GS,6/2/26 15:40,7/4/26 11:40,7/6/26 10:50,N,,,,,,,,,,
5/1/26,3010-60063,Evergreen,7/2/26,GS,6/2/26 15:40,7/4/26 11:40,7/6/26 10:50,N,,,,,,,,,,
4/8/25,3010-60010,Marler,7/2/26,GS,6/2/26 15:40,7/4/26 11:40,7/6/26 10:50,N,,,,,,,,,,
9/12/25,1352-66725,Jenkins,7/2/26,GS,6/2/26 15:40,7/4/26 11:40,7/6/26 10:50,N,,,,,,,,,,
2/16/26,3241-88109,Marler,7/2/26,GS,6/2/26 15:40,7/4/26 11:40,7/6/26 10:50,N,,,,,,,,,,
6/10/25,Chicken,1011 Lee Rd,7/2/26,GS,6/2/26 15:40,7/4/26 11:40,7/6/26 10:50,N,,,,,,,,,,
9/25/25,Chicken,1011 Lee Rd,7/2/26,GS,6/2/26 15:40,7/4/26 11:40,7/6/26 10:50,N,,,,,,,,,,
6/11/26,1352-66756,Marler,7/2/26,GS,6/2/26 15:40,7/4/26 11:40,7/6/26 10:50,N,,,,,,,,,was suspect but not positive salm,
6/11/26,3010-60084,Marler,7/2/26,GS,6/2/26 15:40,7/4/26 11:40,7/6/26 10:50,N,,,,,,,,,,
6/10/26,3231-05251,1011 Lee Rd,7/2/26,GS,6/2/26 15:40,7/4/26 11:40,7/6/26 10:50,N,,,,,,,,,,
2/26/25,Chicken,Shadowwood,7/2/26,GS,6/2/26 15:40,7/4/26 11:40,7/6/26 10:50,N,,,,,,,,,,
6/9/26,Chicken,334 Lee Rd,7/2/26,GS,6/2/26 15:40,7/4/26 11:40,7/6/26 10:50,N,,,,,,,,,,
2/5/26,3171-38506,1011 Lee Rd,7/7/26,GS,7/7/26 14:30,7/8/26 3:00,7/10/26 3:30,N,,,,,,,,,,
6/29/26,1352-66730,Shadowwood,7/7/26,GS,7/7/26 14:30,7/8/26 3:00,7/10/26 3:30,N,,,,,,,,,,
5/14/25,3011-99783,AU Practicum,7/7/26,GS,7/7/26 14:30,7/8/26 3:00,7/10/26 3:30,N,,,,,,,,,,
4/16/25,3171-38511,1011 Lee Rd,7/7/26,GS,7/7/26 14:30,7/8/26 3:00,7/10/26 3:30,N,,,,,,,,,,
4/30/25,3010-60020,Ogletree,7/7/26,GS,7/7/26 14:30,7/8/26 3:00,7/10/26 3:30,N,,,,,,,,,,
6/23/26,3010-60039,Marler,7/7/26,GS,7/7/26 14:30,7/8/26 3:00,7/10/26 3:30,N,,,,,,,,,,
6/23/26,3171-38542,Marler,7/7/26,GS,7/7/26 14:30,7/8/26 3:00,7/10/26 3:30,N,,,,,,,,,,
2/26/25,3011-99720,Shadowwood ,7/7/26,GS,7/7/26 14:30,7/8/26 3:00,7/10/26 3:30,N,,,,,,,,,,
4/30/25,3011-99780,Ogletree,7/7/26,GS,7/7/26 14:30,7/8/26 3:00,7/10/26 3:30,N,,,,,,,,,,
6/30/26,3011-99778,Evergreen,7/7/26,GS,7/7/26 14:30,7/8/26 3:00,7/10/26 3:30,N,,,,,,,,,,
4/23/26,3231-05212,Weagle Woods,7/7/26,GS,7/7/26 14:30,7/8/26 3:00,7/10/26 3:30,Y,,,,"Combined with 99789, need to re-streak both sides",,,,,,
7/7/26,3241-88125,Fisheries 1,7/7/26,GS,7/7/26 14:30,7/8/26 3:00,7/10/26 3:30,N,,,,,,,,,,
6/25/26,HOSP,Marler,7/7/26,GS,7/7/26 14:30,7/8/26 3:00,7/10/26 3:30,N,,,,,,,,,,
4/13/26,3010-60078,Marler,7/7/26,GS,7/7/26 14:30,7/8/26 3:00,7/10/26 3:30,N,,,,,,,,,,
6/25/26,3241-88122,Marler,7/7/26,GS,7/7/26 14:30,7/8/26 3:00,7/10/26 3:30,N,,,,,,,,,,
6/18/26,3011-99789,1011 Lee Rd,7/7/26,GS,7/7/26 14:30,7/8/26 3:00,7/10/26 3:30,Y,,,,"Combined with 05212, need to re-streak both sides",,,,,,
7/7/26,3241-88127,Fisheries 1,7/7/26,GS,7/7/26 14:30,7/8/26 3:00,7/10/26 3:30,,,,,Missing plate,,,,,,
7/2/26,1352-66732,204 Lee Rd,7/7/26,GS,7/7/26 14:30,7/8/26 3:00,7/10/26 3:30,N,,,,,,,,,,
4/9/26,3010-60049,Ralph's,7/7/26,GS,7/7/26 14:30,7/8/26 3:00,7/10/26 3:30,N,,,,,,,,,,
6/10/26,3010-60083,Kreher,7/7/26,GS,7/7/26 14:30,7/8/26 3:00,7/10/26 3:30,N,,,,,,,,,,
5/28/26,3171-38514,Ogletree,7/7/26,GS,7/7/26 14:30,7/8/26 3:00,7/10/26 3:30,N,,,,,,,,,,
4/11/25,3011-99769,Jenkins,7/7/26,GS,7/7/26 14:30,7/8/26 3:00,7/10/26 3:30,N,,,,,,,,,,
6/25/26,3231-05237,Marler,7/7/26,GS,7/7/26 14:30,7/8/26 3:00,7/10/26 3:30,N,,,,,,,,,,
9/19/25,3171-38501,204 Lee Rd,7/7/26,GS,7/7/26 14:30,7/8/26 3:00,7/10/26 3:30,N,,,,,,,,,,
3/3/26,3011-99727,Jenkins,7/7/26,GS,7/7/26 14:30,7/8/26 3:00,7/10/26 3:30,N,,,,,,,,,,
4/16/26,3171-38549,Jenkins,7/7/26,GS,7/7/26 14:30,7/8/26 3:00,7/10/26 3:30,N,,,,,,,,,"Band code maybe entered wrong on biometrics sheet, listed as ""38539"" on same day",
7/6/26,1352-66733,Weagle Woods,7/7/26,GS,7/7/26 14:30,7/8/26 3:00,7/10/26 3:30,N,,,,,,,,,,
6/23/26,3171-38541,Jenkins,7/7/26,GS,7/7/26 14:30,7/8/26 3:00,7/10/26 3:30,N,,,,,,,,,,
6/25/26,3231-88133,Marler,7/7/26,GS,7/7/26 14:30,7/8/26 3:00,7/10/26 3:30,N,,,,,,,,,,
6/29/26,3010-60061,Shadowwwood,7/7/26,GS,7/7/26 14:30,7/8/26 3:00,7/10/26 3:30,N,,,,,,,,,,
7/7/26,3241-88124,Fisheries 1,7/7/26,GS,7/7/26 14:30,7/8/26 3:00,7/10/26 3:30,N,,,,,,,,,,
4/9/26,3010-60004,Evergreen,7/7/26,GS,7/7/26 14:30,7/8/26 3:00,7/10/26 3:30,N,,,,,,,,,,
6/30/26,CACH,Evergreen,7/7/26,GS,7/7/26 14:30,7/8/26 3:00,7/10/26 3:30,N,,,,,,,,,,
4/2/26,Chicken,204 Lee Rd,7/7/26,GS,7/7/26 14:30,7/8/26 3:00,7/10/26 3:30,N,,,,,,,,,,
9/19/25,Chicken,204 Lee Rd,7/7/26,GS,7/7/26 14:30,7/8/26 3:00,7/10/26 3:30,N,,,,,,,,,,
4/16/26,3010-60075,Jenkins,7/7/26,GS,7/7/26 14:30,7/8/26 3:00,7/10/26 3:30,N,,,,,,,,,,
4/30/25,3010-60019,Ogletree,7/7/26,GS,7/7/26 14:30,7/8/26 3:00,7/10/26 3:30,N,,,,,,,,,,
7/2/26,3010-60087,204 Lee Rd,7/7/26,GS,7/7/26 14:30,7/8/26 3:00,7/10/26 3:30,Y,,,,"Combined with 66737, need to re-streak both sides",,,,,,
5/21/25,1352-66737,Evergreen,7/7/26,GS,7/7/26 14:30,7/8/26 3:00,7/10/26 3:30,Y,,,,"Combined with 60087, need to re-streak both sides",,,,,,
7/7/26,3241-88126,Fisheries 1,7/7/26,GS,7/7/26 14:30,7/8/26 3:00,7/10/26 3:30,Y,,,,7/21/26 12:45,,,,,,
3/26/24,NOCA,Jenkins,7/10/26,GS,7/10/26 2:40,12-Jul-26,14-Jul-26,N,,,,,,,,,"Unsure of location, not on biometrics sheet",
4/23/26,3231-05211,Weagle Woods,7/10/26,GS,7/10/26 2:40,12-Jul-26,14-Jul-26,N,,,,,,,,,,
7/9/26,3140-58901,Weagle Woods,7/10/26,GS,7/10/26 2:40,12-Jul-26,14-Jul-26,N,,,,,,,,,,
4/8/25,3011-99765,Marler,7/10/26,GS,7/10/26 2:40,12-Jul-26,14-Jul-26,Y,,,,7/21/26 12:45,,,,,,
6/25/26,1352-66800,Marler,7/10/26,GS,7/10/26 2:40,12-Jul-26,14-Jul-26,Y,,,,"Combined w| 38501, need to re-streak both sides",,,,,,
5/1/26,3241-88113,Evergreen,7/10/26,GS,7/10/26 2:40,12-Jul-26,14-Jul-26,N,,,,,,,,,,
6/23/36,3010-60082,Jenkins,7/10/26,GS,7/10/26 2:40,12-Jul-26,14-Jul-26,N,,,,,,,,,,
4/23/25,3011-99721,Shadowwood,7/10/26,GS,7/10/26 2:40,12-Jul-26,14-Jul-26,N,,,,,,,,,,
4/11/25,3010-60012,Jenkins,7/10/26,GS,7/10/26 2:40,12-Jul-26,14-Jul-26,N,,,,,,,,,,
11/20/25,3171-38501,204 Lee Rd,7/10/26,GS,7/10/26 2:40,12-Jul-26,14-Jul-26,Y,,,,"Combined w| 66800, need to re-streak both sides",,,,,,
6/10/26,3171-38552,Kreher,7/10/26,GS,7/10/26 2:40,12-Jul-26,14-Jul-26,N,,,,,,,,,,
6/25/26,3241-88123,Marler,7/10/26,GS,7/10/26 2:40,12-Jul-26,14-Jul-26,N,,,,,,,,,,
10/9/25,3171-38526,Weagle Woods,7/10/26,GS,7/10/26 2:40,12-Jul-26,14-Jul-26,N,,,,,,,,,,
7/9/26,3140-58903,Weagle Woods,7/10/26,GS,7/10/26 2:40,12-Jul-26,14-Jul-26,N,,,,,,,,,,
4/11/25,1352-66722,Jenkins,7/10/26,GS,7/10/26 2:40,12-Jul-26,14-Jul-26,Y,,,,7/21/26 12:45,,,,,,
6/18/26,3010-60086,1011 Lee Rd,7/10/26,GS,7/10/26 2:40,12-Jul-26,14-Jul-26,N,,,,,,,,,,
6/23/26,3171-38544,Jenkins,7/10/26,GS,7/10/26 2:40,12-Jul-26,14-Jul-26,N,,,,,,,,,,
7/9/26,3140-58902,Weagle Woods,7/10/26,GS,7/10/26 2:40,12-Jul-26,14-Jul-26,N,,,,,,,,,,
6/30/26,3010-60059,Evergreen,7/10/26,GS,7/10/26 2:40,12-Jul-26,14-Jul-26,N,,,,,,,,,,
4/23/26,3010-60066,Weagle Woods,7/10/26,GS,7/10/26 2:40,12-Jul-26,14-Jul-26,N,,,,,,,,,,
5/1/26,3010-60065,Evergreen,7/10/26,GS,7/10/26 2:40,12-Jul-26,14-Jul-26,N,,,,,,,,,,
6/10/26,3241-88132,Kreher,7/10/26,GS,7/10/26 2:40,12-Jul-26,14-Jul-26,,,,,"Missing plate, need to re-do",,,,,location data not yet entered,
6/18/26,3171-38553,1011 Lee Rd,7/10/26,GS,7/10/26 2:40,12-Jul-26,14-Jul-26,N,,,,,,,,,,
4/16/26,3231-05209,Jenkins,7/10/26,GS,7/10/26 2:40,12-Jul-26,14-Jul-26,N,,,,,,,,,,
6/25/26,HOSP,Marler,7/10/26,GS,7/10/26 2:40,12-Jul-26,14-Jul-26,Y,,,,7/21/26 12:45,,,,,,
6/18/25,3171-38523,Kreher,7/10/26,GS,7/10/26 2:40,12-Jul-26,14-Jul-26,N,,,,,,,,,,
6/23/25,1352-66745,Fisher,7/10/26,GS,7/10/26 2:40,12-Jul-26,14-Jul-26,Y,,,,7/21/26 12:45,,,,,,
6/13/25,3010-60024,Paint Rock,7/10/26,GS,7/10/26 2:40,12-Jul-26,14-Jul-26,Y,,,,16-Jul-26,21-Jul-26,Willoughby's -80,,,,
6/25/25,1352-66746,Shadowwood,7/10/26,GS,7/10/26 2:40,12-Jul-26,14-Jul-26,N,,,,,,,,,,
6/12/25,3011-99796,Paint Rock,7/10/26,GS,7/10/26 2:40,12-Jul-26,14-Jul-26,N,,,,,,,,,,
8/19/24,BRTH,Jenkins,7/10/26,GS,7/10/26 2:40,12-Jul-26,14-Jul-26,N,,,,,,,,,,
3/25/24,3010-60001,Jenkins,7/10/26,GS,7/10/26 2:40,12-Jul-26,14-Jul-26,N,,,,,,,,,,
6/11/24,1352-66709,2317 Ware Rd,7/10/26,GS,7/10/26 2:40,12-Jul-26,14-Jul-26,N,,,,,,,,,,
8/19/24,3011-99746,Jenkins,7/10/26,GS,7/10/26 2:40,12-Jul-26,14-Jul-26,N,,,,,,,,,,
5/12/23,1352-66702,Jenkins,7/10/26,GS,7/10/26 2:40,12-Jul-26,14-Jul-26,N,,,,,,,,,,
10/29/24,Chicken,Shadowwood,7/10/26,GS,7/10/26 2:40,12-Jul-26,14-Jul-26,N,,,,,,,,,,
10/2/24,Chicken,Evergreen,7/10/26,GS,7/10/26 2:40,12-Jul-26,14-Jul-26,Y,,,,7/21/26 12:45,,,,,,
5/12/23,1352-66703,Jenkins,7/10/26,GS,7/10/26 2:40,12-Jul-26,14-Jul-26,N,,,,,,,,,,
10/23/24,Chicken,Evergreen,7/10/26,GS,7/10/26 2:40,12-Jul-26,14-Jul-26,N,,,,,,,,,,
6/13/24,3010-60003,Ogletree,7/10/26,GS,7/10/26 2:40,12-Jul-26,14-Jul-26,N,,,,,,,,,,
8/13/24,1352-66714,1011 Lee Rd,7/10/26,GS,7/10/26 2:40,12-Jul-26,14-Jul-26,N,,,,,,,,,,
8/19/24,3011-99747,Jenkins,7/10/26,GS,7/10/26 2:40,12-Jul-26,14-Jul-26,Y,,,,7/21/26 12:45,,,,,2 sam[ples with same name/date. Not sure if multiple samples taken from one individual or if I accidentally streaked twice OR labelled another one incorrectly,
6/8/24,3011-93742,,7/10/26,GS,7/10/26 2:40,12-Jul-26,14-Jul-26,N,,,,,,,,,Can't find on biometrics sheet,
5/12/25,1352-66071,,7/10/26,GS,7/10/26 2:40,12-Jul-26,14-Jul-26,N,,,,,,,,,Can't find on biometrics sheet,
6/12/24,3011-99711,Evergreen,7/10/26,GS,7/10/26 2:40,12-Jul-26,14-Jul-26,N,,,,,,,,,,
7/15/24,3011-99723,Jenkins,7/10/26,GS,7/10/26 2:40,12-Jul-26,14-Jul-26,N,,,,,,,,,,
10/30/24,1352-66719,Ogletree,7/10/26,GS,7/10/26 2:40,12-Jul-26,14-Jul-26,N,,,,,,,,,,
8/19/24,3011-99747,Jenkins,7/10/26,GS,7/10/26 2:40,12-Jul-26,14-Jul-26,N,,,,,,,,,,
7/15/24,3011-99726,Jenkins,7/10/26,GS,7/10/26 2:40,12-Jul-26,14-Jul-26,N,,,,,,,,,,
9/24/24,Chicken,126 Alice St.,7/10/26,GS,7/10/26 2:40,12-Jul-26,14-Jul-26,Y,,,,7/21/26 12:45,,,,,,
8/28/25,3010-60031,Evergreen,7/13/26,GS,13-Jul-26,14-Jul-26,16-Jul-26,N,,,,,,,,,,
8/28/25,3011-99777,Evergreen,7/13/26,GS,13-Jul-26,14-Jul-26,16-Jul-26,N,,,,,,,,,,
7/8/25,3011-99771,Fisheries 1,7/13/26,GS,13-Jul-26,14-Jul-26,16-Jul-26,N,,,,,,,,,,
6/13/25,3171-38520,Paint Rock,7/13/26,GS,13-Jul-26,14-Jul-26,16-Jul-26,N,,,,,,,,,,
6/12/25,3171-38514,Paint Rock,7/13/26,GS,13-Jul-26,14-Jul-26,16-Jul-26,N,,,,,,,,,,
6/11/24,3011-99710,2317 Ware Rd,7/13/26,GS,13-Jul-26,14-Jul-26,16-Jul-26,N,,,,,,,,,,
10/16/24,Chicken,1011 Lee Rd,7/13/26,GS,13-Jul-26,14-Jul-26,16-Jul-26,Y,,,,,21-Jul-24,Willoughby's -80,,,,
7/17/25,1352-66748,1011 Lee Rd,7/13/26,GS,13-Jul-26,14-Jul-26,16-Jul-26,N,,,,,,,,,,
9/19/25,3171-38502,204 Lee Rd,7/13/26,GS,13-Jul-26,14-Jul-26,16-Jul-26,N,,,,,,,,,,
6/13/25,1352-66743,Paint Rock,7/13/26,GS,13-Jul-26,14-Jul-26,16-Jul-26,Y,,,,7/21/26 12:45,21-Jul-26,Willoughby's -80,,,,
7/8/25,3011-99770,Fisheries 1,7/13/26,GS,13-Jul-26,14-Jul-26,16-Jul-26,N,,,,,,,,,,
6/12/25,3011-99795,Paint Rock,7/13/26,GS,13-Jul-26,14-Jul-26,16-Jul-26,N,,,,,,,,,,
6/10/25,3231-05217,Paint Rock,7/13/26,GS,13-Jul-26,14-Jul-26,16-Jul-26,Y,,,,,21-Jul-26,Willoughby's -80,,,,
6/12/25,3171-38515,Paint Rock,7/13/26,GS,13-Jul-26,14-Jul-26,16-Jul-26,N,,,,,,,,,,
10/9/25,3241-88102,Weagle Woods,7/13/26,GS,13-Jul-26,14-Jul-26,16-Jul-26,N,,,,,,,,,,
7/8/25,3011-99800,Fisheries 1,7/13/26,GS,13-Jul-26,14-Jul-26,16-Jul-26,N,,,,,,,,,,
6/10/25,3011-99791,1011 Lee Rd,7/13/26,GS,13-Jul-26,14-Jul-26,16-Jul-26,N,,,,,,,,,,
5/15/25,3010-60021,AU Practicum,7/13/26,GS,13-Jul-26,14-Jul-26,16-Jul-26,N,,,,,,,,,,
7/10/25,3010-60028,Ogletree,7/13/26,GS,13-Jul-26,14-Jul-26,16-Jul-26,N,,,,,,,,,,
6/12/25,3231-05216,Paint Rock,7/13/26,GS,13-Jul-26,14-Jul-26,16-Jul-26,N,,,,,,,,,,
2/26/25,3011-99764,Marler,7/13/26,GS,13-Jul-26,14-Jul-26,16-Jul-26,N,,,,,,,,,,
10/9/25,3171-38526,Weagle Woods,7/13/26,GS,13-Jul-26,14-Jul-26,16-Jul-26,N,,,,,,,,,,
2/5/25,3011-99763,Ogletree,7/13/26,GS,13-Jul-26,14-Jul-26,16-Jul-26,N,,,,,,,,,,
4/17/24,3011-99706,Ogletree,7/13/26,GS,13-Jul-26,14-Jul-26,16-Jul-26,N,,,,,,,,,,
6/10/25,3011-99757,1011 Lee Rd,7/13/26,GS,13-Jul-26,14-Jul-26,16-Jul-26,N,,,,,,,,,"Have to check date, not sure which one ",
8/28/25,3011-99776,Evergreen,7/13/26,GS,13-Jul-26,14-Jul-26,16-Jul-26,N,,,,,,,,,,
10/9/25,3241-88103,Weagle Woods,7/13/26,GS,13-Jul-26,14-Jul-26,16-Jul-26,N,,,,,,,,,,
5/14/25,3011-99784,AU Practicum,7/13/26,GS,13-Jul-26,14-Jul-26,16-Jul-26,N,,,,,,,,,,
6/18/25,3010-60025,Kreher,7/13/26,GS,13-Jul-26,14-Jul-26,16-Jul-26,N,,,,,,,,,,
6/18/25,3011-99798,Kreher,7/13/26,GS,13-Jul-26,14-Jul-26,16-Jul-26,N,,,,,,,,,,
5/14/25,3011-99782,AU Practicum,7/13/26,GS,13-Jul-26,14-Jul-26,16-Jul-26,N,,,,,,,,,,
8/28/25,3011-99778,Evergreen,7/13/26,GS,13-Jul-26,14-Jul-26,16-Jul-26,N,,,,,,,,,,
5/28/25,3010-60003,Ogletree,7/13/26,GS,13-Jul-26,14-Jul-26,16-Jul-26,N,,,,,,,,,,
8/7/25,3010-60030,Fisheries 2,7/13/26,GS,13-Jul-26,14-Jul-26,16-Jul-26,N,,,,,,,,,,
6/25/25,3011-99799,Shadowwood,7/13/26,GS,13-Jul-26,14-Jul-26,16-Jul-26,N,,,,,,,,,,
7/10/25,1352-66747,Ogletree,7/13/26,GS,13-Jul-26,14-Jul-26,16-Jul-26,N,,,,,,,,,,
5/28/25,1352-66739,Ogletree,7/13/26,GS,13-Jul-26,14-Jul-26,16-Jul-26,N,,,,,,,,,,
7/10/25,3011-99774,Ogletree,7/13/26,GS,13-Jul-26,14-Jul-26,16-Jul-26,N,,,,,,,,,,
6/10/25,3011-99788,1011 Lee Rd,7/13/26,GS,13-Jul-26,14-Jul-26,16-Jul-26,N,,,,,,,,,,
6/13/25,1352-66744,Paint Rock,7/13/26,GS,13-Jul-26,14-Jul-26,16-Jul-26,Y,,,,7/21/26 12:45,,,,,,
6/10/25,3011-99790,1011 Lee Rd,7/13/26,GS,13-Jul-26,14-Jul-26,16-Jul-26,N,,,,,,,,,,
8/28/25,3011-99775,Evergreen,7/13/26,GS,13-Jul-26,14-Jul-26,16-Jul-26,N,,,,,,,,,,
6/12/25,3171-38518,Paint Rock,7/13/26,GS,13-Jul-26,14-Jul-26,16-Jul-26,N,,,,,,,,,,
6/12/25,3171-38517,Paint Rock,7/13/26,GS,13-Jul-26,14-Jul-26,16-Jul-26,N,,,,,,,,,,
9/19/25,3231-05203,204 Lee Rd,7/13/26,GS,13-Jul-26,14-Jul-26,16-Jul-26,N,,,,,,,,,,
6/10/25,3011-99786,1011 Lee Rd,7/13/26,GS,13-Jul-26,14-Jul-26,16-Jul-26,N,,,,,,,,,,
9/19/25,3171-38501,204 Lee Rd,7/13/26,GS,13-Jul-26,14-Jul-26,16-Jul-26,N,,,,,,,,,,
6/12/25,3171-38516,Paint Rock,7/13/26,GS,13-Jul-26,14-Jul-26,16-Jul-26,N,,,,,,,,,,
6/12/25,1352-66742,Paint Rock,7/13/26,GS,13-Jul-26,14-Jul-26,16-Jul-26,N,,,,,,,,,,
,,,,,,,,,,,,,,,,,RECAP,